{"cameraMode":{"drawMode":0,"name":"Shaded","section":"Shading Mode"},"sceneLighting":true,"audioPlay":false,"sceneViewState":{"showFog":true,"showMaterialUpdate":false,"showSkybox":true,"showFlares":true,"showImageEffects":true,"showParticleSystems":true,"showVisualEffectGraphs":true,"m_FxEnabled":true},"in2DMode":false,"pivot":{"x":-3.7999253273010256,"y":1.31231689453125,"z":1.1856937408447266},"rotation":{"x":0.2055063098669052,"y":0.013211426325142384,"z":-0.002775325905531645,"w":0.9785640835762024},"size":3.358198404312134,"orthographic":false}